driverId,name,ssn,location,certified,wage-plan
10,Taylor Alvarez,245-74-5361,"Unit 5965 Box 8857
DPO AP 87405",Y,miles
11,Mr. Darrell Rodriguez,687-38-7888,"388 Mark Creek
Connieland, WI 12691",Y,hours
12,Justin Rowe,766-49-8957,"4843 Torres Courts Apt. 255
Dominguezmouth, MI 55308",Y,hours
13,Mary Jones,864-58-5997,"281 Jason Mall Apt. 536
Collinsfurt, PR 31480",N,miles
14,Jeanette Cox,704-98-9117,"95635 Whitaker Spurs Apt. 567
North Katrina, MD 33005",Y,miles
15,Brittany Green,828-94-9633,"5827 Whitney Mission Suite 254
Lopezland, IL 25125",Y,hours
16,Nathaniel Lara,203-33-4206,"9357 Anthony Turnpike
New Logantown, PW 85220",Y,hours
17,Sandra Kemp,354-98-0117,"66136 Steven Vista Apt. 986
Lake Dennisburgh, IN 19165",N,hours
18,Cody Harper,048-03-3219,"17401 Elizabeth Meadow
Olsonburgh, AK 98410",N,miles
19,John Warner,133-14-1605,"7124 Jason Path Apt. 850
Johnsonmouth, SD 09753",N,miles
20,Mark Richardson,274-58-3554,"17419 Reid Ridge
Davisburgh, DC 43465",N,hours
21,Darlene Villa,773-47-9643,"32078 Hogan Club Suite 488
Port Lisahaven, MA 07579",Y,miles
22,Danielle Olson,489-81-9778,"368 Waller Crest
West Amanda, AK 27700",Y,hours
23,Philip Hester,135-38-2821,"28516 Katherine Island
Dustinmouth, NJ 46619",Y,hours
24,Matthew Wood,085-22-2147,"34781 Knight Trail
Wallaceland, MS 72011",N,hours
25,Howard Rodriguez,079-47-7329,"Unit 5797 Box 8771
DPO AE 68954",N,miles
26,Jessica Dawson,808-99-5788,"799 Tiffany Freeway Suite 572
North Brentfort, NY 46844",N,hours
27,Linda Johnson,784-24-1868,"2279 John Street
Lake David, PW 56127",Y,hours
28,Richard Snyder,299-63-8711,"5729 Luna Shoals Suite 980
Johnfurt, IL 52364",N,hours
29,Lynn Hopkins,793-24-8552,"4570 Judith Rapid Suite 672
East John, MN 69708",N,miles
30,Kristin Palmer,202-93-3232,"912 Allison Field Suite 884
East Garrett, TN 44662",Y,hours
31,Martin Rogers,876-10-2372,"35487 Stephanie Spring Suite 656
Jillfort, OK 46054",Y,hours
32,Alyssa Rodriguez,545-77-1075,"6210 Martin Freeway
Lisaview, CO 71222",N,miles
33,Billy Newton,242-50-1541,"4382 Melissa Forks
Friedmanborough, CO 64427",N,miles
34,Nicholas Berg,321-84-0197,"92516 Franco Meadow
Christinaside, WI 28281",Y,miles
35,Christopher Brown,160-34-7259,"1259 Walker Land Suite 164
South Barbaraburgh, KS 63724",Y,hours
36,Roger Walter,750-75-9133,"7901 Wilkins Brooks
Thompsonport, MT 28686",Y,miles
37,Crystal Pierce,333-80-2920,"462 Megan Passage
East Juliechester, WI 80097",Y,miles
38,Cynthia Warren,328-87-1721,"31355 Anderson Isle Apt. 328
South Paul, GA 55375",Y,hours
39,Joanne Martinez,215-91-9752,"936 April Vista
West Bonnie, MS 40436",N,hours
40,Thomas Lutz,667-71-7298,"1249 Carrie Port Suite 533
Kathleenmouth, FL 10287",N,miles
41,James Austin,502-77-6617,"57545 Kimberly Corners Apt. 522
Normanview, MO 15788",Y,miles
42,Michael Craig,394-43-4450,"5311 Brian Mill
Austinville, RI 66070",N,miles
43,Mr. Brad Nolan PhD,360-19-8293,"67135 Garcia Corners Apt. 813
Davidville, IA 34658",N,hours
44,Mia Lambert,758-65-0239,"5529 Miller Cove
Danielberg, AR 19140",N,miles
45,Justin Watson,620-67-0965,"164 Patricia Stravenue Suite 893
Hutchinsonstad, UT 96077",N,miles
46,Jennifer Padilla,240-15-6766,"91178 Matthew Path
North Bryan, TN 20140",N,hours
47,Sheila Thomas,325-64-4711,"7193 Gregory Locks Suite 728
Kristinabury, FL 63233",N,miles
48,Gail Kennedy,831-24-9594,"1066 Gutierrez Brooks Suite 543
Mayerville, NY 32365",N,hours
49,Steven Jordan,765-10-9587,"271 Brandy Prairie
Leblancville, MA 03988",Y,hours
50,Hannah Anderson,252-60-0563,"07592 Hines Plaza Apt. 345
Pamelaport, OK 28860",Y,hours
51,Mark Christian,433-68-3074,"89087 Keith Lodge Suite 564
West Alisonville, MT 48379",Y,hours
52,Kimberly Adkins,265-67-7600,"5482 Williams Spring
Jessicatown, ND 64295",N,miles
53,Tom Martinez,664-41-6975,"214 Tammy Hollow
Estradafort, OK 18235",N,miles
54,Brandon Mack,667-43-4262,"501 Patrick Shoal Apt. 022
Theodorehaven, WV 28143",Y,hours
55,Sarah Smith,170-67-7582,"6975 Bailey Locks
West John, OK 15853",N,miles
56,Monica Nelson,396-03-6885,"08103 Evans View Suite 870
Woodfurt, OK 45158",Y,miles
57,Jacqueline Olson,869-85-1542,"02029 Shannon Dam Suite 837
Lake Normastad, NC 94133",Y,miles
58,Mr. Gary Nolan DDS,104-19-2663,"52851 Gutierrez Walk
Port Ashley, CT 50013",N,miles
59,Amanda Collins,800-32-1184,"7345 Olson Estate
New Chadton, AZ 47647",N,miles
60,Julie Smith,594-40-2895,"201 Martin Rest Apt. 727
East Robertchester, IA 48335",Y,miles
61,Christine Coleman,347-51-4451,"2867 Julia Mall Suite 545
Leeside, PA 11313",Y,miles
62,Elizabeth Cruz,152-12-9338,"2559 Martinez Heights Apt. 999
Bishopburgh, UT 47196",N,miles
63,Darrell Avila,543-73-2012,"7079 Alexis Squares Suite 593
South Matthew, DE 81281",Y,hours
64,Judith Rice,074-60-5483,"73035 Jennifer Manor
Thomasmouth, CO 75863",N,hours
65,Lisa Hall,133-68-2298,"8997 Jennifer Pass
New Danielstad, MA 79565",N,miles
66,James Zuniga DDS,105-89-1694,"USCGC Montgomery
FPO AA 35294",N,hours
67,David Torres,836-13-3007,"151 Wesley Row
East Kyle, MT 98274",N,hours
68,Steven Hall,433-86-3430,"0556 Robinson Passage Apt. 499
South Gabriel, NJ 75109",Y,miles
69,Evelyn Marshall,198-94-5580,"401 Peter Fork
Mirandamouth, MT 01807",N,miles
70,Andrea Trevino,555-15-6896,"9717 Gardner Tunnel Apt. 347
Russellhaven, GA 93612",N,miles
71,Robert Hill,268-83-4753,"36883 Freeman Falls
Lake Ann, VT 24559",Y,hours
72,Richard Foley,159-42-8688,"98890 Carrillo Light Suite 279
Lake Peterhaven, IN 18239",N,miles
73,Chelsea Reynolds,712-71-8935,"19251 Mccarthy Villages
Bennettfort, WI 82907",Y,miles
74,Becky Thornton,182-88-6804,"USS Hill
FPO AP 11595",N,miles
75,Rachel Bowen,380-23-8768,"44855 Eduardo Forges
Pennychester, MH 64690",Y,miles
76,Robert Brewer,458-66-0263,"09624 Woodward Rest
East Alexis, VI 67984",N,miles
77,Gabriela Padilla,033-61-3567,"0397 Stafford Village
Desireeside, MT 13942",Y,miles
78,Virginia Jones,780-08-4547,"7891 Williams Rest Apt. 039
North Ashley, TX 96456",N,miles
79,Daniel Hudson,397-42-5646,"104 Jordan Summit
Moranbury, KY 89479",Y,hours
80,Nathan Hill,623-32-8469,"007 Garza Lakes
South Melanieton, SC 49563",Y,miles
81,David Hines,602-75-5856,"44127 Jodi Plains
New Laurie, ND 06165",N,hours
82,Julian Thomas,118-41-3616,"26456 Kathleen Plains
West Jamesland, UT 20173",Y,hours
83,Claire Roberts,224-44-0530,"535 Amy View Suite 426
Craigberg, FL 88540",Y,miles
84,Elizabeth Alexander,790-64-7544,"469 Anderson Field
Richardton, ID 81381",N,hours
85,Cindy Hampton,035-93-8058,"809 Thomas Lock Apt. 393
West Mistyside, IN 69180",N,miles
86,Austin Baker,255-96-8636,"543 Donna Way Apt. 214
Stevenbury, GU 54110",Y,miles
87,Ernest Moore,163-27-5809,"9726 Christopher Tunnel Suite 259
Williamston, LA 23514",Y,miles
88,Carlos Fuentes,894-74-4717,"8058 Walker River
North Christinechester, KY 56734",N,miles
89,Rodney Diaz,103-62-3904,"6068 Carolyn Streets
Nicholasport, WY 11274",N,hours
90,Wesley Lyons,682-25-3355,"2054 Bell Drive
Sarahton, HI 49044",N,hours
91,Larry Peters,695-42-3056,"7529 Peck Ports
Perezchester, MS 55160",N,hours
92,Gina Owens,463-33-4424,"0893 Cunningham Underpass Apt. 222
East Sara, MI 66418",N,hours
93,David Washington,868-22-7249,"049 Stevenson Turnpike
West Ericland, DE 84957",N,hours
94,Theresa Johnson,456-18-0109,"698 Sullivan Mission
Wilsonshire, AL 14460",N,miles
95,Brianna Waller,005-11-9986,"75634 Gary Walk
Port Jameshaven, NV 10951",Y,miles
96,Ashley Hanna,549-24-2122,"USS Allen
FPO AE 78131",N,miles
97,Lisa Wright,127-10-9517,"36439 Jones Shore Suite 760
West Jennafurt, IA 45486",Y,hours
98,Kayla Frank,323-83-3322,"Unit 2012 Box 8120
DPO AP 46929",Y,miles
99,Amanda Howell,602-09-3198,"1673 Nelson Loop
Farmerchester, NE 29151",N,hours
100,Charles King,241-63-0761,"PSC 6253, Box 5755
APO AA 46197",N,hours
101,Joseph Patterson,624-60-4777,"9176 Holt Groves
North Gwendolyn, WA 12415",N,hours
102,Michael Sellers,832-28-5717,"441 Jason Points Suite 850
Port Travisville, WY 62342",Y,miles
103,Donald Rivera,622-42-0927,"PSC 7524, Box 6259
APO AE 98358",N,miles
104,Carlos Moore,014-46-1028,"88565 Kathryn Spur Suite 170
New Jeffrey, CA 26684",N,hours
105,Cynthia Anderson,026-81-6472,"3097 Villanueva Row
Combsport, VI 97955",N,hours
106,Alexander Hernandez,423-84-3630,"158 Moon Spur
Wilsonstad, MP 03533",Y,hours
107,Matthew Wright,043-86-3255,"73017 Chapman Mountains Suite 105
Port Michaelburgh, DC 10156",Y,hours
108,Amy Blackburn,128-43-6397,"9242 Gregory Groves
Lake Lukeville, UT 43236",N,miles
109,Stephen Lee,031-36-8169,"6444 Rachel Plain
Edwardton, FL 38442",N,miles
